date,location,temp_max_c,precip_mm
2015-06-01,Lisbon,27.0,0.0
2015-06-02,Lisbon,24.7,9.8
2015-06-03,Lisbon,25.8,0.0
2015-06-04,Lisbon,29.2,0.0
2015-06-05,Lisbon,29.2,0.0
2015-06-06,Lisbon,23.4,5.6
2015-06-07,Lisbon,27.7,0.0
2015-06-08,Lisbon,31.2,0.0
2015-06-09,Lisbon,31.7,0.0
2015-06-10,Lisbon,26.2,0.0
2015-06-11,lisbon,24.4,0.0
2015-06-12,Lisbon,28.9,0.0
2015-06-13,Lisbon,29.3,0.0
2015-06-14,Lisbon,26.8,0.0
2015-06-15,Lisbon,27.6,0.0
2015-06-16,Lisbon,30.0,3.7
17/06/2015,Lisbon,27.1,0.0
2015-06-18,Lisbon,29.1,0.0
2015-06-19,Lisbon,28.4,0.0
2015-06-20,Lisbon,33.4,0.0
2015-06-21,Lisbon,26.1,0.0
22/06/2015,lisbon,30.6,0.0
2015-06-23,Lisbon,29.5,0.0
2015-06-24,Lisbon,24.2,0.0
2015-06-25,Lisbon,26.3,0.0
2015-06-26,Lisbon,24.9,0.0
2015-06-27,Lisbon,26.0,4.5
2015-06-28,Lisbon,29.4,0.0
2015-06-29,Lisbon,28.4,0.0
30/06/2015,Lisbon,28.8,0.0
2015-07-01,Lisbon,28.8,0.0
2015-07-02,Lisbon,29.0,10.5
2015-07-03,Lisbon,27.5,0.0
2015-07-04,Lisbon,29.7,0.0
05/07/2015,LISBON ,27.1,0.0
2015-07-06,Lisbon,26.8,0.0
07/07/2015,Lisbon,29.2,0.0
2015-07-08,Lisbon,27.5,0.0
2015-07-09,Lisbon,24.0,0.0
2015-07-10,Lisbon,30.2,0.0
2015-07-11,Lisbon,28.3,0.0
2015-07-12,Lisbon,29.3,0.0
2015-07-13,Lisbon,28.4,0.0
14/07/2015,Lisbon,27.2,0.0
2015-07-15,Lisbon,29.8,0.0
2015-07-16,Lisbon,30.7,0.0
2015-07-17,Lisbon,28.4,1.0
2015-07-18,Lisbon,26.4,0.0
2015-07-19,Lisbon,29.6,0.0
2015-07-20,Lisbon,28.2,0.0
2015-07-21,Lisbon,29.3,0.0
2015-07-22,Lisbon,32.3,0.0
2015-07-23,Lisbon,30.2,0.0
2015-07-24,Lisbon,29.4,0.0
2015-07-25,Lisbon,28.7,0.0
2015-07-26,Lisbon,29.6,0.0
27/07/2015,Lisbon,26.8,0.0
2015-07-28,Lisbon,27.3,0.0
2015-07-29,Lisbon,28.0,0.0
2015-07-30,Lisbon,24.5,0.0
2015-07-31,Lisbon,31.9,0.0
2015-08-01,Lisbon,31.8,0.0
2015-08-02,Lisbon,26.6,0.0
2015-08-03,Lisbon,26.5,0.0
2015-08-04,Lisbon,25.3,0.0
2015-08-05,Lisbon,27.6,0.0
2015-08-06,Lisbon,27.0,0.0
2015-08-07,Lisbon,29.0,0.0
2015-08-08,Lisbon,29.4,0.0
2015-08-09,Lisbon,27.3,0.0
2015-08-10,Lisbon,29.4,0.0
2015-08-11,Lisbon,28.0,0.0
2015-08-12,Lisbon,28.2,0.0
2015-08-13,Lisbon,27.7,0.0
2015-08-14,Lisbon,26.6,10.3
2015-08-15,Lisbon,24.6,0.0
16/08/2015,Lisbon,23.3,0.0
2015-08-17,Lisbon,23.7,0.0
2015-08-18,Lisbon,23.8,0.4
2015-08-19,Lisbon,28.9,0.0
2015-08-20,Lisbon,26.7,0.0
2015-08-21,lisbon,25.0,0.0
2015-08-22,Lisbon,28.0,0.0
23/08/2015,Lisbon,31.3,0.0
2015-08-24,Lisbon,27.3,0.0
2015-08-25,Lisbon,24.6,0.0
2015-08-26,Lisbon,26.3,0.0
2015-08-27,Lisbon,29.4,0.0
2015-08-28,Lisbon,24.0,16.2
2015-08-29,Lisbon,28.3,0.0
2015-08-30,Lisbon,24.1,0.0
2015-08-31,Lisbon,27.0,0.0
2015-09-01,Lisbon,21.4,0.0
02/09/2015,Lisbon,26.1,0.0
2015-09-03,Lisbon,26.9,0.0
2015-09-04,Lisbon,27.7,3.3
2015-09-05,Lisbon,25.7,0.0
2015-09-06,Lisbon,24.1,0.0
2015-09-07,Lisbon,22.7,0.0
2015-09-08,Lisbon,22.8,0.0
2015-09-09,Lisbon,24.3,0.0
2015-09-10,Lisbon,23.3,0.0
2015-09-11,LISBON ,26.5,0.0
2015-09-12,Lisbon,24.6,0.0
13/09/2015,Lisbon,26.2,0.0
2015-09-14,Lisbon,26.0,0.0
15/09/2015,Lisbon,29.3,0.0
2015-09-16,Lisbon,24.0,0.0
2015-09-17,Lisbon,26.5,0.0
2015-09-18,Lisbon,24.7,0.0
2015-09-19,Lisbon,24.0,9.6
2015-09-20,Lisbon,24.2,0.0
2015-09-21,Lisbon,26.9,0.0
2015-09-22,Lisbon,22.7,0.0
23/09/2015,Lisbon,23.0,5.6
2015-09-24,Lisbon,22.7,0.0
2015-09-25,Lisbon,23.5,0.0
2015-09-26,Lisbon,18.8,0.0
2015-09-27,Lisbon,17.9,0.0
2015-09-28,Lisbon,21.3,0.0
29/09/2015,Lisbon,23.2,0.0
2015-09-30,Lisbon,22.9,0.0
2015-10-01,Lisbon,26.2,0.0
2015-10-02,Lisbon,23.6,0.0
2015-10-03,Lisbon,21.0,0.0
2015-10-04,Lisbon,24.5,5.0
2015-10-05,Lisbon,24.8,0.0
2015-10-06,Lisbon,22.7,0.0
07/10/2015,Lisbon,22.3,0.0
2015-10-08,Lisbon,22.3,1.3
2015-10-09,LISBON ,22.7,0.0
2015-10-10,Lisbon,23.1,0.0
2015-10-11,Lisbon,21.7,0.0
2015-10-12,Lisbon,24.2,0.0
2015-10-13,Lisbon,21.6,0.0
2015-10-14,Lisbon,24.0,0.6
2015-10-15,Lisbon,20.9,0.0
16/10/2015,Lisbon,25.5,0.0
2015-10-17,Lisbon,20.9,0.0
2015-10-18,Lisbon,20.5,0.0
2015-10-19,Lisbon,17.5,4.7
20/10/2015,Lisbon,19.8,0.0
2015-10-21,Lisbon,16.9,9.2
2015-10-22,Lisbon,24.5,0.0
2015-10-23,LISBON ,19.3,0.0
2015-10-24,Lisbon,20.5,0.0
2015-10-25,Lisbon,18.4,0.0
2015-10-26,Lisbon,20.7,0.0
2015-10-27,Lisbon,20.1,0.0
2015-10-28,Lisbon,19.5,0.0
2015-10-29,Lisbon,23.2,0.0
30/10/2015,Lisbon,19.5,0.0
2015-10-31,Lisbon,21.3,0.0
01/11/2015,Lisbon,20.7,0.0
2015-11-02,Lisbon,16.0,0.0
2015-11-03,Lisbon,20.6,0.0
2015-11-04,Lisbon,18.8,0.0
2015-11-05,Lisbon,20.4,5.7
2015-11-06,Lisbon,20.9,0.0
2015-11-07,Lisbon,20.5,6.9
2015-11-08,Lisbon,19.9,0.0
09/11/2015,Lisbon,19.5,0.0
2015-11-10,Lisbon,18.0,0.0
2015-11-11,Lisbon,17.5,0.0
2015-11-12,Lisbon,15.9,4.4
2015-11-13,Lisbon,18.1,0.0
2015-11-14,Lisbon,18.7,0.0
2015-11-15,Lisbon,18.2,0.0
2015-11-16,LISBON ,17.5,5.9
17/11/2015,Lisbon,21.0,0.0
2015-11-18,Lisbon,15.8,0.0
2015-11-19,Lisbon,17.4,0.0
2015-11-20,Lisbon,18.9,2.3
2015-11-21,Lisbon,18.1,0.0
2015-11-22,Lisbon,16.0,3.1
2015-11-23,Lisbon,17.2,0.0
2015-11-24,Lisbon,20.5,2.5
2015-11-25,Lisbon,21.3,0.0
2015-11-26,lisbon,15.1,0.0
2015-11-27,Lisbon,15.9,0.0
2015-11-28,Lisbon,13.6,0.0
2015-11-29,Lisbon,20.3,0.0
30/11/2015,Lisbon,16.8,0.0
2015-12-01,Lisbon,16.5,0.0
2015-12-02,Lisbon,15.2,0.0
2015-12-03,Lisbon,15.6,4.7
2015-12-04,Lisbon,15.4,6.6
2015-12-05,Lisbon,16.8,0.0
06/12/2015,Lisbon,12.7,0.0
07/12/2015,Lisbon,17.8,0.0
2015-12-08,Lisbon,16.4,2.4
2015-12-09,Lisbon,17.9,3.9
2015-12-10,Lisbon,18.3,0.0
11/12/2015,Lisbon,15.1,0.0
2015-12-12,Lisbon,10.9,0.0
2015-12-13,Lisbon,14.9,0.0
14/12/2015,Lisbon,12.1,0.0
15/12/2015,Lisbon,9.8,15.5
2015-12-16,Lisbon,16.7,7.9
2015-12-17,Lisbon,15.7,0.0
2015-12-18,Lisbon,14.6,0.0
2015-12-19,Lisbon,15.3,0.0
2015-12-20,Lisbon,11.0,0.0
21/12/2015,Lisbon,12.2,0.0
2015-12-22,Lisbon,16.4,0.0
2015-12-23,Lisbon,14.9,0.0
2015-12-24,Lisbon,9.3,0.0
2015-12-25,Lisbon,13.0,0.0
2015-12-26,Lisbon,17.0,9.6
2015-12-27,Lisbon,10.7,0.0
2015-12-28,Lisbon,11.4,0.0
2015-12-29,Lisbon,16.2,0.0
2015-12-30,Lisbon,12.3,0.0
2015-12-31,Lisbon,13.4,2.8
2016-01-01,Lisbon,10.6,9.9
2016-01-02,Lisbon,13.1,3.6
2016-01-03,Lisbon,13.2,0.0
2016-01-04,Lisbon,16.8,0.0
2016-01-05,Lisbon,16.7,0.0
2016-01-06,Lisbon,15.6,0.0
2016-01-07,LISBON ,14.0,6.1
08/01/2016,Lisbon,10.1,0.0
2016-01-09,LISBON ,12.7,0.0
2016-01-10,Lisbon,15.1,0.0
11/01/2016,Lisbon,17.0,0.0
2016-01-12,Lisbon,15.0,0.9
2016-01-13,Lisbon,10.7,0.0
2016-01-14,Lisbon,12.8,0.0
2016-01-15,Lisbon,11.3,3.4
2016-01-16,Lisbon,10.6,0.0
2016-01-17,Lisbon,9.8,0.0
2016-01-18,LISBON ,13.9,0.0
2016-01-19,Lisbon,10.9,0.0
2016-01-20,Lisbon,15.6,0.0
2016-01-21,Lisbon,14.7,3.8
22/01/2016,Lisbon,11.1,0.0
23/01/2016,Lisbon,13.2,0.0
2016-01-24,Lisbon,16.1,2.5
2016-01-25,Lisbon,11.7,5.6
2016-01-26,Lisbon,14.5,5.5
2016-01-27,lisbon,14.0,0.0
2016-01-28,lisbon,15.1,2.1
2016-01-29,Lisbon,11.0,0.0
2016-01-30,Lisbon,14.9,0.0
2016-01-31,Lisbon,14.3,0.0
2016-02-01,Lisbon,15.0,4.3
2016-02-03,Lisbon,11.2,0.0
2016-02-04,Lisbon,16.6,0.0
05/02/2016,Lisbon,11.8,0.0
2016-02-06,Lisbon,12.9,0.0
2016-02-07,Lisbon,11.6,0.0
2016-02-08,Lisbon,17.1,0.0
2016-02-09,Lisbon,14.6,0.3
2016-02-10,Lisbon,12.6,3.3
2016-02-11,Lisbon,14.9,0.0
2016-02-12,Lisbon,11.4,0.0
2016-02-13,Lisbon,11.4,5.4
2016-02-14,Lisbon,18.8,0.0
2016-02-15,Lisbon,15.9,0.0
2016-02-16,Lisbon,16.3,0.0
2016-02-17,Lisbon,14.3,0.0
18/02/2016,Lisbon,14.6,0.0
2016-02-19,Lisbon,10.5,2.9
2016-02-20,Lisbon,12.7,0.0
2016-02-21,lisbon,16.6,0.0
22/02/2016,Lisbon,16.4,0.0
2016-02-23,Lisbon,13.7,0.0
2016-02-24,Lisbon,15.4,1.4
2016-02-25,Lisbon,16.2,0.0
2016-02-26,Lisbon,15.4,0.0
2016-02-27,Lisbon,15.1,0.0
2016-02-28,Lisbon,16.4,0.0
2016-02-29,Lisbon,14.7,0.0
2016-03-01,Lisbon,15.6,0.0
2016-03-02,Lisbon,19.3,0.0
2016-03-03,Lisbon,15.0,0.0
2016-03-04,Lisbon,16.8,6.7
2016-03-05,Lisbon,14.2,0.0
2016-03-06,Lisbon,17.0,0.0
2016-03-07,Lisbon,15.4,4.5
2016-03-08,Lisbon,15.0,0.0
09/03/2016,Lisbon,18.1,0.0
2016-03-10,Lisbon,14.1,0.0
2016-03-11,Lisbon,18.0,0.0
2016-03-12,Lisbon,15.1,0.0
2016-03-13,Lisbon,15.7,0.0
2016-03-14,Lisbon,17.9,0.0
2016-03-15,Lisbon,20.4,0.0
16/03/2016,Lisbon,18.9,0.0
2016-03-17,Lisbon,19.9,0.0
2016-03-18,Lisbon,16.9,0.0
2016-03-19,Lisbon,19.8,0.0
2016-03-20,Lisbon,16.7,0.0
2016-03-21,Lisbon,14.7,0.0
2016-03-22,Lisbon,19.2,0.0
2016-03-23,Lisbon,17.8,2.4
2016-03-24,Lisbon,19.8,7.6
2016-03-25,Lisbon,19.0,6.0
2016-03-26,Lisbon,24.5,4.2
2016-03-27,Lisbon,16.0,12.4
2016-03-28,Lisbon,22.6,0.0
2016-03-29,Lisbon,19.4,0.0
2016-03-30,Lisbon,19.4,0.0
2016-03-31,Lisbon,20.2,0.0
2016-04-01,Lisbon,19.1,0.0
2016-04-02,Lisbon,16.1,0.0
2016-04-03,Lisbon,16.5,0.0
04/04/2016,Lisbon,21.3,0.0
2016-04-06,Lisbon,18.8,0.0
2016-04-07,Lisbon,22.9,0.0
2016-04-08,Lisbon,21.6,0.0
2016-04-09,Lisbon,20.8,0.0
2016-04-10,Lisbon,25.3,1.8
2016-04-12,Lisbon,20.7,0.0
13/04/2016,Lisbon,21.7,0.0
2016-04-14,LISBON ,22.9,3.7
2016-04-15,Lisbon,24.1,0.0
2016-04-16,Lisbon,19.5,0.0
2016-04-17,Lisbon,21.6,0.0
2016-04-18,Lisbon,22.5,0.0
2016-04-19,Lisbon,21.5,0.0
2016-04-20,Lisbon,24.2,2.5
2016-04-21,Lisbon,23.0,0.0
2016-04-23,Lisbon,22.7,0.0
24/04/2016,Lisbon,22.7,0.0
2016-04-25,Lisbon,20.2,3.5
26/04/2016,Lisbon,20.7,0.0
2016-04-27,Lisbon,25.1,0.0
2016-04-28,Lisbon,21.7,0.0
29/04/2016,Lisbon,24.6,0.0
2016-04-30,Lisbon,27.3,0.0
2016-05-01,Lisbon,26.9,0.0
2016-05-02,Lisbon,22.5,0.0
2016-05-03,Lisbon,22.0,0.0
2016-05-04,Lisbon,22.1,0.0
2016-05-05,Lisbon,27.8,0.0
2016-05-06,Lisbon,26.1,0.0
2016-05-07,Lisbon,22.8,0.0
08/05/2016,Lisbon,23.6,0.0
2016-05-09,Lisbon,26.4,6.7
2016-05-10,Lisbon,19.8,0.0
2016-05-11,Lisbon,23.1,0.0
2016-05-12,Lisbon,24.9,0.0
2016-05-13,Lisbon,27.1,0.0
2016-05-14,Lisbon,27.3,0.0
2016-05-15,Lisbon,24.6,0.0
2016-05-16,lisbon,25.7,3.6
2016-05-17,Lisbon,25.2,0.0
2016-05-18,Lisbon,21.4,0.0
19/05/2016,Lisbon,25.2,0.0
2016-05-20,Lisbon,27.6,0.0
2016-05-21,Lisbon,26.8,0.0
2016-05-22,Lisbon,21.0,0.0
2016-05-23,Lisbon,26.3,0.0
2016-05-24,Lisbon,26.1,0.0
2016-05-25,Lisbon,28.6,5.5
2016-05-26,Lisbon,27.4,0.0
27/05/2016,Lisbon,28.9,0.0
2016-05-28,Lisbon,24.5,4.4
2016-05-29,Lisbon,26.6,0.0
2016-05-30,Lisbon,26.6,0.0
2016-05-31,Lisbon,28.2,0.0
2016-06-01,Lisbon,30.0,0.0
2016-06-02,Lisbon,29.2,0.0
2016-06-03,Lisbon,25.8,0.0
2016-06-04,Lisbon,28.7,0.0
2016-06-05,Lisbon,30.0,0.0
06/06/2016,Lisbon,24.7,0.0
07/06/2016,Lisbon,27.4,4.9
2016-06-08,Lisbon,28.5,0.0
2016-06-09,Lisbon,24.9,0.0
10/06/2016,Lisbon,28.1,0.0
2016-06-11,Lisbon,28.2,0.0
2016-06-12,Lisbon,26.5,0.0
2016-06-13,Lisbon,23.2,0.0
2016-06-14,lisbon,27.1,0.0
2016-06-15,Lisbon,27.2,6.6
2016-06-16,Lisbon,28.8,0.0
2016-06-17,Lisbon,28.2,0.0
18/06/2016,Lisbon,25.3,0.0
2016-06-19,Lisbon,27.8,0.0
20/06/2016,Lisbon,28.4,0.0
21/06/2016,Lisbon,25.8,0.0
22/06/2016,Lisbon,32.8,0.0
23/06/2016,LISBON ,29.7,0.0
2016-06-24,Lisbon,27.7,0.0
2016-06-25,Lisbon,29.3,13.4
2016-06-26,Lisbon,28.4,1.1
2016-06-27,Lisbon,26.2,0.0
2016-06-28,Lisbon,27.8,0.0
29/06/2016,Lisbon,30.7,0.0
2016-06-30,Lisbon,28.7,0.0
2016-07-01,Lisbon,25.9,4.1
2016-07-02,lisbon,30.4,0.0
2016-07-03,Lisbon,29.6,0.0
2016-07-04,Lisbon,24.9,0.0
2016-07-05,Lisbon,28.8,0.0
2016-07-06,Lisbon,27.7,0.0
2016-07-07,Lisbon,24.3,0.0
2016-07-08,Lisbon,27.7,0.0
2016-07-09,Lisbon,29.1,0.0
10/07/2016,Lisbon,24.5,0.0
2016-07-11,Lisbon,31.5,0.0
2016-07-12,Lisbon,28.9,0.0
14/07/2016,Lisbon,31.4,0.0
15/07/2016,Lisbon,28.6,0.0
2016-07-16,Lisbon,29.3,0.0
2016-07-17,Lisbon,29.3,0.0
2016-07-18,Lisbon,28.9,0.0
2016-07-19,Lisbon,26.7,0.0
2016-07-20,Lisbon,29.1,0.0
2016-07-21,Lisbon,29.8,0.0
2016-07-22,Lisbon,28.5,0.0
2016-07-23,LISBON ,29.7,0.0
2016-07-24,Lisbon,27.1,0.0
2016-07-25,Lisbon,26.2,0.0
2016-07-26,Lisbon,24.4,0.0
2016-07-27,Lisbon,28.9,7.6
28/07/2016,Lisbon,25.5,0.0
2016-07-29,Lisbon,29.2,4.7
2016-07-30,Lisbon,30.5,0.0
2016-07-31,lisbon,30.0,0.0
01/08/2016,Lisbon,33.8,0.0
2016-08-02,Lisbon,28.6,0.0
2016-08-03,Lisbon,29.0,0.0
04/08/2016,Lisbon,27.9,0.0
05/08/2016,Lisbon,26.2,0.0
2016-08-06,Lisbon,29.0,0.0
2016-08-07,Lisbon,22.1,0.0
2016-08-08,Lisbon,26.7,0.0
2016-08-09,Lisbon,21.2,0.0
2016-08-10,Lisbon,29.7,0.0
2016-08-11,Lisbon,28.7,0.0
12/08/2016,Lisbon,25.5,0.0
2016-08-13,Lisbon,26.7,0.0
2016-08-14,Lisbon,31.6,0.0
2016-08-15,Lisbon,29.6,0.0
16/08/2016,Lisbon,30.7,0.0
2016-08-17,Lisbon,26.5,0.0
2016-08-18,Lisbon,28.9,12.9
2016-08-19,Lisbon,28.9,0.0
2016-08-20,Lisbon,27.7,0.0
2016-08-22,Lisbon,27.2,0.0
2016-08-23,Lisbon,27.8,0.0
2016-08-24,Lisbon,25.9,0.0
2016-08-25,Lisbon,26.2,0.0
2016-08-26,lisbon,28.0,0.0
2016-08-27,Lisbon,25.6,0.0
2016-08-28,Lisbon,25.7,0.0
2016-08-29,Lisbon,28.1,0.0
2016-08-30,Lisbon,26.4,0.0
2016-08-31,Lisbon,25.0,0.0
2016-09-01,Lisbon,26.8,0.0
2016-09-02,Lisbon,23.3,0.0
03/09/2016,Lisbon,27.2,0.0
04/09/2016,Lisbon,25.9,0.0
05/09/2016,Lisbon,27.5,0.0
2016-09-06,Lisbon,24.2,0.0
2016-09-07,Lisbon,22.6,0.0
2016-09-08,Lisbon,27.9,0.0
2016-09-09,Lisbon,22.8,0.0
2016-09-10,LISBON ,26.0,10.1
2016-09-11,Lisbon,27.0,0.0
2016-09-12,LISBON ,27.1,0.0
13/09/2016,Lisbon,24.2,0.0
2016-09-14,Lisbon,21.5,0.0
2016-09-15,Lisbon,26.7,0.0
2016-09-16,Lisbon,20.7,0.0
2016-09-17,Lisbon,25.7,0.0
2016-09-18,Lisbon,24.8,0.0
2016-09-19,Lisbon,23.6,0.0
2016-09-20,Lisbon,23.3,0.0
2016-09-21,Lisbon,29.8,0.0
2016-09-22,Lisbon,17.8,0.0
2016-09-23,Lisbon,28.8,0.0
2016-09-24,Lisbon,26.0,0.0
2016-09-25,Lisbon,25.9,0.0
2016-09-26,LISBON ,19.6,0.0
2016-09-27,Lisbon,21.3,0.0
2016-09-28,Lisbon,23.3,0.0
2016-09-29,Lisbon,20.7,0.0
2016-09-30,Lisbon,24.3,0.0
2016-10-01,Lisbon,70.3,0.0
2016-10-02,Lisbon,67.5,0.0
2016-10-03,Lisbon,71.4,0.0
2016-10-04,Lisbon,69.4,0.0
2016-10-05,Lisbon,74.5,0.0
2016-10-06,Lisbon,83.7,0.0
2016-10-07,Lisbon,75.7,0.0
08/10/2016,Lisbon,64.6,5.2
2016-10-09,lisbon,72.3,0.0
2016-10-10,Lisbon,71.4,0.0
2016-10-11,Lisbon,73.4,0.0
2016-10-12,Lisbon,69.4,0.0
2016-10-13,Lisbon,68.9,0.0
2016-10-14,LISBON ,70.7,0.0
2016-10-15,Lisbon,68.0,0.0
2016-10-16,LISBON ,73.6,0.0
2016-10-17,Lisbon,64.6,0.0
2016-10-18,Lisbon,70.3,0.0
2016-10-19,Lisbon,69.1,0.0
2016-10-20,Lisbon,67.5,0.0
2016-10-21,Lisbon,64.6,0.0
2016-10-22,Lisbon,65.8,0.0
23/10/2016,Lisbon,71.8,0.0
2016-10-24,Lisbon,73.8,0.0
25/10/2016,Lisbon,63.1,0.0
2016-10-26,Lisbon,70.5,0.0
2016-10-27,Lisbon,73.0,0.0
28/10/2016,Lisbon,66.2,0.0
2016-10-29,Lisbon,71.2,0.0
2016-10-30,Lisbon,66.2,3.8
2016-10-31,Lisbon,62.1,0.0
2016-11-01,Lisbon,20.0,6.9
2016-11-02,Lisbon,22.6,0.0
2016-11-04,Lisbon,16.3,0.0
2016-11-05,Lisbon,17.7,0.0
2016-11-06,Lisbon,22.6,0.0
2016-11-07,Lisbon,17.3,0.0
2016-11-08,Lisbon,17.2,0.0
2016-11-09,Lisbon,16.7,0.0
2016-11-10,Lisbon,17.9,0.0
2016-11-11,Lisbon,16.1,0.0
2016-11-13,Lisbon,17.5,0.0
2016-11-14,Lisbon,18.3,0.0
2016-11-15,Lisbon,18.0,0.7
2016-11-16,Lisbon,18.1,0.0
2016-11-17,Lisbon,17.0,0.0
2016-11-18,Lisbon,15.1,3.0
2016-11-20,Lisbon,13.0,4.4
2016-11-21,Lisbon,18.4,0.0
2016-11-22,Lisbon,18.9,0.0
2016-11-23,Lisbon,15.9,0.0
2016-11-24,LISBON ,11.3,6.2
2016-11-25,Lisbon,16.2,0.0
2016-11-26,Lisbon,19.0,0.0
2016-11-27,Lisbon,15.3,0.0
2016-11-28,Lisbon,12.2,0.0
2016-11-29,Lisbon,14.6,0.0
2016-11-30,Lisbon,16.3,0.0
01/12/2016,Lisbon,14.8,3.0
2016-12-02,Lisbon,17.0,8.5
2016-12-03,Lisbon,15.3,0.0
2016-12-04,Lisbon,14.2,1.4
2016-12-05,Lisbon,15.0,0.0
2016-12-06,Lisbon,13.3,0.0
2016-12-07,Lisbon,15.2,0.0
2016-12-08,Lisbon,15.3,0.0
2016-12-09,Lisbon,13.8,0.0
2016-12-10,Lisbon,16.6,0.0
2016-12-11,Lisbon,17.3,5.9
2016-12-12,Lisbon,15.4,5.0
2016-12-13,Lisbon,15.0,14.6
2016-12-14,Lisbon,13.6,0.0
2016-12-15,Lisbon,14.6,0.0
2016-12-16,Lisbon,12.8,0.0
2016-12-17,Lisbon,13.5,9.5
2016-12-18,Lisbon,14.2,7.9
19/12/2016,Lisbon,13.6,0.0
2016-12-21,Lisbon,17.6,0.0
2016-12-22,Lisbon,17.2,0.0
2016-12-23,Lisbon,15.7,0.0
2016-12-24,Lisbon,16.0,0.0
2016-12-25,LISBON ,13.3,0.0
2016-12-26,Lisbon,12.0,0.0
2016-12-27,Lisbon,14.9,0.0
28/12/2016,Lisbon,14.0,0.0
2016-12-29,Lisbon,17.3,0.0
2016-12-30,Lisbon,13.6,0.0
2016-12-31,Lisbon,13.4,0.0
2017-01-02,Lisbon,14.2,0.0
2017-01-03,Lisbon,13.4,0.0
2017-01-04,Lisbon,11.5,0.0
2017-01-05,Lisbon,16.6,0.0
2017-01-06,Lisbon,13.2,0.0
2017-01-07,Lisbon,12.6,3.7
2017-01-08,Lisbon,12.2,3.1
2017-01-09,Lisbon,17.6,2.2
2017-01-10,LISBON ,13.5,0.0
2017-01-11,Lisbon,16.1,0.0
2017-01-12,Lisbon,11.6,0.0
2017-01-13,LISBON ,13.8,0.0
2017-01-14,Lisbon,12.0,0.0
2017-01-15,Lisbon,14.5,0.0
2017-01-16,Lisbon,13.2,0.0
2017-01-17,Lisbon,17.3,0.0
2017-01-18,Lisbon,15.5,0.0
2017-01-20,Lisbon,13.2,0.0
2017-01-21,Lisbon,12.4,0.0
2017-01-22,Lisbon,14.4,4.0
2017-01-23,Lisbon,13.9,1.3
2017-01-24,Lisbon,14.6,0.0
25/01/2017,Lisbon,13.3,0.0
2017-01-26,lisbon,15.2,0.0
2017-01-27,Lisbon,16.6,0.0
2017-01-28,Lisbon,10.6,4.9
2017-01-29,Lisbon,16.4,0.0
2017-01-30,Lisbon,13.1,5.7
2017-01-31,Lisbon,14.1,3.0
2017-02-01,Lisbon,13.7,0.0
2017-02-03,LISBON ,13.6,0.0
2017-02-04,Lisbon,12.9,0.0
2017-02-05,Lisbon,11.6,0.0
2017-02-06,Lisbon,15.0,0.8
2017-02-07,Lisbon,17.4,0.0
2017-02-08,Lisbon,13.1,3.8
2017-02-09,Lisbon,16.9,0.0
2017-02-10,Lisbon,15.1,0.0
2017-02-11,Lisbon,14.2,6.6
2017-02-12,Lisbon,12.8,0.0
2017-02-13,Lisbon,16.6,9.8
2017-02-14,Lisbon,16.5,1.6
2017-02-15,LISBON ,15.3,0.0
16/02/2017,Lisbon,13.7,1.5
2017-02-17,Lisbon,11.3,0.0
2017-02-18,Lisbon,14.7,0.0
2017-02-19,Lisbon,14.0,0.0
2017-02-20,Lisbon,16.8,0.0
21/02/2017,Lisbon,13.6,0.0
2017-02-22,Lisbon,17.9,0.0
2017-02-23,Lisbon,15.2,3.2
2017-02-24,Lisbon,12.8,4.9
2017-02-25,Lisbon,18.6,0.0
2017-02-26,LISBON ,14.7,0.0
2017-02-27,Lisbon,15.9,0.0
2017-02-28,Lisbon,17.0,0.0
2017-03-01,lisbon,19.2,0.0
2017-03-02,Lisbon,19.4,0.0
2017-03-03,Lisbon,14.8,0.0
2017-03-04,Lisbon,18.0,0.0
2017-03-05,Lisbon,17.8,0.0
2017-03-06,Lisbon,15.9,0.0
2017-03-07,Lisbon,19.0,2.0
2017-03-09,Lisbon,18.0,0.0
2017-03-10,Lisbon,16.3,0.0
2017-03-11,Lisbon,19.3,0.0
2017-03-12,Lisbon,16.1,0.0
2017-03-13,Lisbon,16.3,0.0
2017-03-14,Lisbon,16.6,3.2
2017-03-15,Lisbon,20.7,2.7
2017-03-16,Lisbon,16.7,6.5
17/03/2017,Lisbon,14.5,0.0
2017-03-19,Lisbon,15.5,0.0
2017-03-20,Lisbon,19.9,0.0
2017-03-21,Lisbon,18.5,0.0
2017-03-22,Lisbon,17.2,2.8
2017-03-23,Lisbon,18.9,0.0
2017-03-24,Lisbon,20.9,0.0
2017-03-25,Lisbon,17.0,2.1
26/03/2017,Lisbon,20.3,0.0
2017-03-27,Lisbon,17.0,0.0
2017-03-28,Lisbon,19.9,0.0
2017-03-29,Lisbon,16.7,0.0
30/03/2017,Lisbon,21.0,0.0
2017-03-31,Lisbon,18.7,1.5
2017-04-01,Lisbon,21.0,0.0
2017-04-02,Lisbon,20.8,0.0
03/04/2017,Lisbon,20.7,0.0
04/04/2017,Lisbon,19.2,0.0
2017-04-05,Lisbon,22.9,0.0
2017-04-06,Lisbon,19.4,0.0
2017-04-07,Lisbon,15.2,6.7
2017-04-08,Lisbon,17.1,0.0
2017-04-09,Lisbon,18.6,0.0
2017-04-10,Lisbon,21.2,0.0
2017-04-11,Lisbon,23.4,0.0
2017-04-12,Lisbon,20.2,0.0
2017-04-13,Lisbon,16.9,0.0
2017-04-14,Lisbon,26.3,2.6
2017-04-15,Lisbon,21.7,3.8
2017-04-16,Lisbon,22.2,0.0
2017-04-17,Lisbon,17.3,0.0
18/04/2017,Lisbon,23.5,6.8
2017-04-19,Lisbon,23.6,0.0
2017-04-20,Lisbon,22.3,0.0
2017-04-21,Lisbon,21.1,2.1
2017-04-22,Lisbon,24.2,0.0
2017-04-23,LISBON ,22.3,0.0
25/04/2017,Lisbon,21.5,0.0
2017-04-26,Lisbon,19.2,0.0
2017-04-27,Lisbon,24.1,0.0
2017-04-28,Lisbon,21.2,0.0
2017-04-29,Lisbon,22.7,0.0
2017-04-30,Lisbon,20.2,0.0
2017-05-01,Lisbon,25.9,0.0
02/05/2017,Lisbon,26.5,0.0
2017-05-03,Lisbon,22.6,0.0
2017-05-04,Lisbon,27.0,0.0
2017-05-05,Lisbon,24.5,0.0
06/05/2017,Lisbon,24.2,0.0
2017-05-07,Lisbon,19.4,0.0
08/05/2017,Lisbon,23.0,0.0
2017-05-09,Lisbon,21.9,0.0
2017-05-10,lisbon,21.3,0.9
2017-05-11,Lisbon,20.6,0.0
2017-05-12,Lisbon,22.0,4.8
2017-05-13,Lisbon,21.6,0.0
14/05/2017,Lisbon,20.7,0.0
2017-05-15,Lisbon,25.1,0.0
16/05/2017,Lisbon,24.3,0.0
2017-05-17,Lisbon,24.4,0.0
2017-05-18,Lisbon,23.1,0.0
2017-05-19,Lisbon,29.6,0.0
2017-05-20,Lisbon,30.8,0.0
2017-05-21,Lisbon,24.8,4.8
2017-05-22,Lisbon,27.4,0.0
2017-05-23,Lisbon,23.2,0.0
2017-05-24,Lisbon,22.5,0.0
2017-05-25,Lisbon,22.9,0.0
2017-05-26,Lisbon,24.4,10.5
27/05/2017,Lisbon,25.3,0.0
2017-05-28,Lisbon,21.6,0.0
2017-05-29,Lisbon,24.3,0.0
2017-05-30,Lisbon,21.7,0.0
2017-05-31,Lisbon,27.1,0.0
2017-06-01,Lisbon,26.3,0.0
2017-06-02,LISBON ,25.3,0.0
2017-06-03,Lisbon,28.2,4.6
2017-06-04,Lisbon,29.9,0.0
2017-06-05,Lisbon,25.5,0.0
2017-06-06,Lisbon,26.2,0.0
2017-06-07,Lisbon,28.2,0.0
2017-06-08,Lisbon,25.7,0.0
2017-06-09,Lisbon,26.7,0.0
2017-06-10,Lisbon,27.5,0.0
2017-06-11,Lisbon,28.9,0.0
12/06/2017,Lisbon,28.1,4.3
2017-06-13,Lisbon,28.4,0.0
2017-06-14,Lisbon,29.7,0.0
2017-06-15,Lisbon,23.3,0.0
2017-06-16,Lisbon,31.8,0.0
17/06/2017,Lisbon,28.5,0.0
18/06/2017,Lisbon,27.1,0.0
2017-06-19,Lisbon,26.6,0.0
2017-06-20,lisbon,26.4,0.0
2017-06-21,Lisbon,26.8,0.0
2017-06-22,Lisbon,25.7,0.0
24/06/2017,Lisbon,29.8,0.0
2017-06-25,Lisbon,28.2,0.0
2017-06-26,Lisbon,29.6,0.0
2017-06-27,Lisbon,27.7,0.0
2017-06-28,Lisbon,29.4,0.0
2017-06-29,Lisbon,28.4,1.0
2017-06-30,Lisbon,28.2,0.0
2017-07-01,Lisbon,29.9,6.5
2017-07-02,Lisbon,28.5,0.0
2017-07-03,Lisbon,30.9,0.0
2017-07-04,Lisbon,31.3,0.0
2017-07-05,Lisbon,26.8,0.0
2017-07-06,Lisbon,26.8,0.0
2017-07-07,Lisbon,31.5,0.0
2017-07-08,Lisbon,30.5,0.0
2017-07-09,Lisbon,30.8,0.0
2017-07-10,Lisbon,29.5,0.0
2017-07-11,Lisbon,30.5,0.0
2017-07-12,Lisbon,26.6,0.0
2017-07-13,Lisbon,28.4,0.0
2017-07-14,Lisbon,26.5,0.0
2017-07-15,Lisbon,29.9,0.0
16/07/2017,Lisbon,28.0,0.0
2017-07-17,Lisbon,25.5,4.0
2017-07-18,Lisbon,29.1,3.8
2017-07-19,Lisbon,27.8,0.0
2017-07-20,Lisbon,26.9,0.0
2017-07-21,Lisbon,27.0,0.0
2017-07-22,Lisbon,32.3,2.9
2017-07-23,Lisbon,29.1,0.0
2017-07-24,Lisbon,25.8,0.0
25/07/2017,Lisbon,23.1,0.0
2017-07-26,Lisbon,26.7,0.0
2017-07-27,Lisbon,27.2,4.7
2017-07-28,Lisbon,30.7,0.8
2017-07-29,Lisbon,28.2,0.0
30/07/2017,Lisbon,26.8,0.0
2017-07-31,Lisbon,27.6,0.0
2017-08-01,Lisbon,28.2,1.8
2017-08-02,Lisbon,29.7,3.9
2017-08-03,lisbon,28.4,0.0
2017-08-04,Lisbon,26.5,0.0
2017-08-05,Lisbon,27.1,0.0
2017-08-06,Lisbon,25.7,0.0
2017-08-07,Lisbon,27.3,0.0
2017-08-08,Lisbon,26.9,0.0
2017-08-09,Lisbon,28.3,6.4
2017-08-10,Lisbon,25.5,0.0
11/08/2017,Lisbon,28.4,2.9
2017-08-12,Lisbon,27.6,0.0
2017-08-13,Lisbon,29.5,0.0
2017-08-14,Lisbon,27.3,0.0
2017-08-15,lisbon,26.2,0.0
2017-08-16,Lisbon,24.4,0.0
2017-08-17,Lisbon,27.6,0.0
2017-08-18,Lisbon,24.2,0.0
2017-08-19,Lisbon,25.7,0.0
2017-08-20,Lisbon,29.4,0.0
21/08/2017,Lisbon,29.4,0.0
2017-08-23,Lisbon,26.4,0.0
2017-08-24,Lisbon,21.8,0.0
2017-08-25,Lisbon,25.8,0.0
2017-08-26,Lisbon,26.3,0.0
2017-08-27,Lisbon,21.7,0.0
2017-08-28,Lisbon,27.6,0.0
2017-08-29,Lisbon,30.9,0.0
2017-08-30,Lisbon,21.6,0.0
2017-08-31,Lisbon,24.9,0.0
2017-09-01,Lisbon,25.0,0.0
2017-09-02,Lisbon,25.7,0.0
2017-09-03,Lisbon,25.5,0.0
2017-09-04,Lisbon,27.1,5.4
2017-09-05,Lisbon,26.1,0.0
06/09/2017,Lisbon,24.4,0.0
2017-09-07,Lisbon,29.1,0.0
08/09/2017,Lisbon,24.0,6.4
2017-09-09,LISBON ,27.9,0.0
2017-09-10,Lisbon,23.5,0.0
2017-09-11,Lisbon,21.9,0.0
2017-09-12,Lisbon,23.1,0.0
2017-09-13,Lisbon,27.7,0.0
2017-09-14,Lisbon,25.7,0.0
2017-09-15,Lisbon,28.2,0.0
2017-09-16,Lisbon,27.7,0.0
2017-09-17,Lisbon,22.2,4.1
2017-09-18,Lisbon,27.5,0.0
2017-09-19,Lisbon,21.5,0.0
2017-09-20,Lisbon,26.6,0.0
2017-09-21,Lisbon,22.9,0.0
2017-09-22,Lisbon,24.3,5.2
23/09/2017,Lisbon,23.5,0.0
2017-09-24,lisbon,24.9,0.0
2017-09-25,Lisbon,20.8,9.7
2017-09-26,Lisbon,22.0,0.0
2017-09-27,Lisbon,21.8,0.0
2017-09-28,Lisbon,23.2,0.0
29/09/2017,Lisbon,24.1,0.0
2017-09-30,Lisbon,21.5,0.0
2015-06-01,Algarve,27.3,0.0
2015-06-02,Algarve,25.5,0.0
2015-06-03,Algarve,29.3,0.0
2015-06-04,Algarve,28.7,0.0
2015-06-05,Algarve,28.5,0.0
2015-06-06,Algarve,27.8,0.0
2015-06-07,Algarve,25.0,0.0
2015-06-08,Algarve,28.0,7.9
2015-06-09,ALGARVE ,29.3,0.0
2015-06-10,Algarve,30.2,0.0
2015-06-11,Algarve,27.7,0.0
2015-06-12,Algarve,26.4,0.0
2015-06-13,Algarve,29.0,0.0
2015-06-14,Algarve,27.3,2.2
2015-06-15,Algarve,30.2,0.0
2015-06-16,Algarve,27.2,0.0
2015-06-17,Algarve,28.8,0.0
2015-06-18,Algarve,23.4,0.0
2015-06-19,Algarve,33.0,0.0
2015-06-20,Algarve,31.5,0.0
2015-06-21,Algarve,27.8,0.0
2015-06-22,Algarve,30.2,0.0
23/06/2015,Algarve,29.9,0.0
2015-06-24,Algarve,29.2,0.0
2015-06-25,Algarve,26.2,0.0
2015-06-26,Algarve,26.5,0.0
2015-06-27,Algarve,25.3,0.0
2015-06-28,Algarve,28.7,0.0
2015-06-29,Algarve,28.3,0.0
2015-06-30,Algarve,28.2,0.0
2015-07-01,Algarve,30.5,0.0
02/07/2015,Algarve,27.8,0.0
2015-07-03,Algarve,29.4,0.0
04/07/2015,Algarve,31.9,0.0
2015-07-05,Algarve,27.8,0.0
2015-07-06,Algarve,27.5,0.0
2015-07-07,Algarve,29.1,0.0
2015-07-08,Algarve,27.2,0.0
2015-07-09,Algarve,27.2,0.0
2015-07-10,Algarve,29.6,0.0
2015-07-11,Algarve,29.7,2.1
2015-07-12,Algarve,31.8,0.0
2015-07-13,Algarve,30.0,0.0
2015-07-14,Algarve,29.4,0.0
2015-07-15,Algarve,24.9,0.0
2015-07-16,Algarve,32.2,0.0
2015-07-17,Algarve,27.8,0.0
18/07/2015,Algarve,30.8,0.0
2015-07-19,Algarve,28.2,0.0
2015-07-20,Algarve,27.9,0.0
2015-07-21,Algarve,27.3,0.0
2015-07-22,Algarve,30.6,0.0
2015-07-23,Algarve,29.8,0.0
2015-07-24,Algarve,27.5,0.0
2015-07-25,Algarve,31.5,0.0
2015-07-26,Algarve,30.9,0.0
2015-07-27,Algarve,26.6,0.0
2015-07-28,Algarve,27.8,0.0
2015-07-29,Algarve,25.5,0.0
2015-07-30,Algarve,27.4,0.0
2015-08-01,Algarve,31.9,1.9
2015-08-02,Algarve,26.9,0.0
2015-08-03,Algarve,28.0,0.0
2015-08-04,Algarve,29.9,0.0
2015-08-05,Algarve,31.2,0.0
2015-08-06,Algarve,28.9,0.0
2015-08-07,Algarve,28.8,0.0
2015-08-08,Algarve,32.7,0.0
2015-08-09,Algarve,25.9,0.0
2015-08-10,Algarve,25.1,0.0
2015-08-11,Algarve,28.9,0.0
12/08/2015,Algarve,31.6,0.0
2015-08-13,Algarve,28.6,0.0
2015-08-14,Algarve,30.2,0.0
2015-08-15,Algarve,27.0,3.3
2015-08-16,Algarve,27.8,0.0
2015-08-17,Algarve,31.9,0.0
2015-08-18,Algarve,30.5,0.0
2015-08-19,Algarve,29.3,0.0
2015-08-20,Algarve,24.8,0.0
2015-08-21,Algarve,24.6,0.0
2015-08-22,Algarve,28.7,0.0
2015-08-23,Algarve,30.0,0.0
2015-08-24,Algarve,28.3,0.0
2015-08-25,Algarve,29.2,0.0
2015-08-26,Algarve,27.4,0.0
2015-08-27,Algarve,26.0,2.3
2015-08-28,Algarve,31.8,0.0
2015-08-29,Algarve,26.5,0.0
2015-08-30,algarve,24.9,0.0
2015-08-31,Algarve,23.5,0.0
2015-09-01,Algarve,23.4,0.0
2015-09-02,Algarve,27.8,0.0
2015-09-03,Algarve,27.1,0.0
2015-09-04,algarve,30.1,0.0
2015-09-05,Algarve,28.4,0.0
06/09/2015,Algarve,24.1,0.0
2015-09-07,Algarve,28.1,0.0
2015-09-08,Algarve,23.4,0.0
2015-09-09,Algarve,27.5,0.0
2015-09-10,Algarve,29.6,0.0
2015-09-11,Algarve,23.8,0.0
2015-09-13,Algarve,23.9,0.0
2015-09-14,Algarve,22.0,2.0
2015-09-15,Algarve,25.6,0.0
2015-09-16,Algarve,22.8,0.0
2015-09-17,Algarve,23.6,0.0
18/09/2015,Algarve,26.4,0.0
2015-09-19,Algarve,23.8,0.0
2015-09-20,Algarve,29.8,0.0
21/09/2015,Algarve,26.9,0.0
2015-09-22,Algarve,24.1,0.0
2015-09-23,Algarve,19.0,0.0
2015-09-24,Algarve,28.4,0.0
2015-09-25,Algarve,23.2,0.0
26/09/2015,Algarve,26.8,0.0
2015-09-27,Algarve,22.0,0.0
2015-09-28,Algarve,25.1,0.0
2015-09-29,Algarve,26.8,0.0
2015-10-01,Algarve,23.9,0.9
2015-10-02,Algarve,21.6,0.0
2015-10-03,Algarve,24.7,0.0
2015-10-04,Algarve,24.9,0.0
2015-10-05,Algarve,21.1,0.0
2015-10-07,Algarve,18.1,0.0
2015-10-08,Algarve,24.1,0.0
2015-10-09,Algarve,24.4,0.0
10/10/2015,Algarve,19.1,0.0
2015-10-11,Algarve,22.8,0.0
2015-10-12,Algarve,23.4,2.8
2015-10-13,Algarve,26.2,0.0
2015-10-14,Algarve,21.3,5.8
2015-10-15,Algarve,22.7,0.0
2015-10-16,Algarve,20.6,0.0
2015-10-17,Algarve,17.8,0.0
2015-10-18,Algarve,24.1,0.0
2015-10-19,Algarve,21.1,0.2
2015-10-20,Algarve,20.0,0.0
2015-10-21,algarve,22.2,0.9
22/10/2015,Algarve,21.0,1.6
2015-10-23,Algarve,21.8,1.4
24/10/2015,ALGARVE ,21.1,0.0
2015-10-25,Algarve,18.3,0.0
2015-10-26,Algarve,21.3,0.0
2015-10-27,Algarve,18.6,0.0
2015-10-28,Algarve,19.5,0.0
2015-10-29,Algarve,17.6,1.2
30/10/2015,Algarve,22.9,0.0
2015-10-31,Algarve,17.6,0.0
2015-11-01,Algarve,16.4,0.0
2015-11-02,Algarve,24.0,0.0
03/11/2015,Algarve,20.8,0.0
2015-11-04,Algarve,22.8,0.0
2015-11-05,Algarve,21.1,0.0
2015-11-06,Algarve,18.2,5.3
2015-11-07,Algarve,18.6,0.0
2015-11-08,ALGARVE ,21.2,0.0
2015-11-09,Algarve,17.4,0.0
2015-11-10,Algarve,20.4,0.0
2015-11-11,algarve,20.6,0.0
2015-11-12,Algarve,17.7,4.5
2015-11-13,Algarve,19.3,2.9
2015-11-14,Algarve,22.3,0.0
2015-11-15,Algarve,16.2,0.0
2015-11-16,Algarve,18.7,0.0
17/11/2015,Algarve,20.7,0.0
2015-11-18,Algarve,16.0,0.0
2015-11-19,Algarve,18.7,2.6
2015-11-20,Algarve,14.4,0.0
2015-11-21,Algarve,16.9,0.0
2015-11-22,Algarve,16.6,7.9
23/11/2015,Algarve,17.3,1.4
2015-11-24,Algarve,19.5,0.0
2015-11-25,Algarve,22.7,0.0
26/11/2015,Algarve,17.5,0.0
2015-11-27,Algarve,13.2,3.6
2015-11-28,Algarve,17.1,0.0
2015-11-29,Algarve,19.4,0.0
2015-11-30,Algarve,20.0,0.0
2015-12-01,Algarve,14.4,0.0
2015-12-02,Algarve,16.1,0.0
2015-12-03,Algarve,17.1,0.0
2015-12-04,Algarve,17.8,0.0
05/12/2015,Algarve,15.5,0.0
2015-12-06,ALGARVE ,16.5,0.0
2015-12-07,Algarve,18.6,0.0
2015-12-08,ALGARVE ,19.3,0.0
2015-12-09,Algarve,16.0,2.5
2015-12-10,Algarve,17.0,4.2
2015-12-11,Algarve,17.6,0.0
2015-12-12,Algarve,18.0,0.0
2015-12-13,algarve,16.1,0.0
2015-12-14,Algarve,12.8,0.0
2015-12-15,Algarve,17.2,0.0
2015-12-16,Algarve,18.3,0.0
17/12/2015,Algarve,17.9,1.1
2015-12-18,Algarve,14.4,0.0
2015-12-19,Algarve,13.2,4.1
20/12/2015,Algarve,17.1,0.0
2015-12-22,Algarve,19.9,0.6
2015-12-23,Algarve,18.8,4.1
2015-12-24,Algarve,17.1,0.0
25/12/2015,Algarve,12.1,0.0
2015-12-26,Algarve,12.8,0.0
2015-12-27,Algarve,12.4,0.0
2015-12-28,Algarve,14.7,0.0
2015-12-29,Algarve,13.2,0.0
2015-12-30,Algarve,17.9,0.0
2015-12-31,Algarve,12.9,1.4
2016-01-01,Algarve,14.7,0.0
2016-01-02,Algarve,15.6,2.8
2016-01-03,Algarve,15.8,0.0
2016-01-05,Algarve,13.6,1.3
06/01/2016,algarve,13.6,2.3
2016-01-07,Algarve,13.5,0.0
2016-01-08,Algarve,14.1,0.0
09/01/2016,Algarve,16.0,3.2
2016-01-10,Algarve,14.0,0.0
2016-01-11,Algarve,19.0,0.0
2016-01-12,Algarve,19.6,1.4
2016-01-13,Algarve,14.6,3.0
2016-01-14,Algarve,13.6,3.4
15/01/2016,Algarve,16.8,1.8
2016-01-16,Algarve,12.7,3.7
2016-01-17,Algarve,14.0,0.0
18/01/2016,Algarve,14.7,0.0
2016-01-19,Algarve,13.0,0.0
20/01/2016,Algarve,17.8,2.0
2016-01-21,Algarve,13.1,0.0
2016-01-22,Algarve,14.9,5.7
2016-01-23,Algarve,13.6,0.0
2016-01-24,Algarve,16.6,0.4
2016-01-25,Algarve,11.5,0.0
26/01/2016,Algarve,14.7,0.0
2016-01-27,Algarve,15.0,0.0
2016-01-28,ALGARVE ,14.8,0.0
2016-01-29,Algarve,13.7,0.0
30/01/2016,Algarve,13.8,5.6
31/01/2016,Algarve,18.5,2.3
2016-02-01,Algarve,18.9,0.0
02/02/2016,Algarve,13.7,0.0
2016-02-03,Algarve,17.5,0.4
2016-02-05,Algarve,17.9,0.0
06/02/2016,Algarve,18.7,0.0
2016-02-07,Algarve,17.2,0.0
2016-02-08,algarve,17.5,0.0
09/02/2016,Algarve,17.5,0.0
11/02/2016,Algarve,13.0,0.0
2016-02-12,algarve,18.4,2.0
2016-02-13,Algarve,15.1,0.0
14/02/2016,Algarve,17.4,0.0
2016-02-15,Algarve,15.3,0.2
2016-02-16,Algarve,11.8,2.9
2016-02-17,Algarve,18.5,0.8
2016-02-18,Algarve,15.3,0.0
2016-02-19,Algarve,15.8,3.7
2016-02-20,Algarve,19.3,0.0
2016-02-21,Algarve,16.4,0.0
2016-02-22,Algarve,14.8,4.6
2016-02-23,Algarve,21.0,0.6
24/02/2016,Algarve,18.2,0.0
2016-02-25,Algarve,16.1,0.0
26/02/2016,Algarve,20.7,5.3
2016-02-27,Algarve,14.8,0.0
2016-02-28,Algarve,17.5,1.4
2016-02-29,Algarve,18.4,0.0
2016-03-01,Algarve,20.0,0.0
2016-03-02,Algarve,11.4,0.0
2016-03-03,Algarve,10.9,0.0
2016-03-05,Algarve,18.1,0.0
2016-03-06,Algarve,17.5,0.0
2016-03-07,Algarve,17.0,0.0
2016-03-08,Algarve,19.2,0.0
2016-03-09,Algarve,14.9,4.0
2016-03-10,Algarve,19.4,0.0
2016-03-11,Algarve,21.5,0.0
2016-03-12,Algarve,18.5,0.0
2016-03-13,Algarve,17.5,0.0
2016-03-14,Algarve,18.4,0.0
2016-03-15,Algarve,16.5,0.0
2016-03-16,Algarve,17.5,0.0
2016-03-17,Algarve,20.0,3.7
2016-03-18,Algarve,17.3,1.0
2016-03-19,Algarve,19.7,0.0
2016-03-20,Algarve,22.3,1.2
2016-03-21,Algarve,18.8,1.4
2016-03-22,Algarve,18.3,0.0
2016-03-23,Algarve,18.9,0.0
2016-03-24,Algarve,18.6,0.0
2016-03-25,Algarve,21.3,0.0
26/03/2016,Algarve,18.1,0.0
2016-03-27,Algarve,19.2,0.0
2016-03-28,Algarve,21.5,0.0
2016-03-29,Algarve,15.5,0.0
2016-03-30,Algarve,18.5,0.0
2016-03-31,Algarve,20.8,0.0
2016-04-01,Algarve,20.6,5.4
2016-04-03,Algarve,23.9,0.0
2016-04-04,Algarve,20.5,0.0
2016-04-05,Algarve,21.2,0.0
2016-04-06,Algarve,21.7,1.2
2016-04-07,Algarve,19.5,0.0
2016-04-08,Algarve,17.0,0.0
09/04/2016,Algarve,23.6,3.4
10/04/2016,Algarve,23.5,0.0
11/04/2016,Algarve,23.9,0.0
2016-04-12,Algarve,20.7,1.7
2016-04-13,Algarve,18.0,4.6
2016-04-14,Algarve,21.3,0.0
2016-04-15,Algarve,19.8,5.4
2016-04-16,ALGARVE ,22.8,0.0
2016-04-17,Algarve,24.2,3.8
2016-04-18,Algarve,20.3,0.0
19/04/2016,Algarve,24.0,0.0
21/04/2016,Algarve,24.8,0.0
2016-04-22,Algarve,23.0,0.0
2016-04-23,Algarve,21.1,0.0
2016-04-24,Algarve,24.3,0.0
2016-04-25,Algarve,20.7,0.0
2016-04-26,Algarve,27.0,0.0
27/04/2016,Algarve,24.6,0.0
2016-04-28,Algarve,22.5,0.0
2016-04-29,Algarve,20.8,0.0
2016-04-30,Algarve,24.3,0.0
2016-05-01,Algarve,25.9,2.7
2016-05-02,Algarve,24.4,4.7
2016-05-03,Algarve,24.7,0.0
2016-05-04,Algarve,26.5,0.0
2016-05-05,Algarve,23.7,0.0
2016-05-06,Algarve,25.9,0.0
2016-05-07,Algarve,25.2,0.0
2016-05-08,Algarve,25.1,0.0
2016-05-09,Algarve,29.1,2.7
2016-05-10,Algarve,28.0,2.8
2016-05-11,Algarve,25.0,0.0
2016-05-12,Algarve,27.9,0.0
2016-05-13,Algarve,23.6,0.0
2016-05-14,Algarve,28.5,0.0
2016-05-15,Algarve,23.8,0.0
16/05/2016,Algarve,29.1,0.0
2016-05-17,Algarve,27.7,0.0
2016-05-18,Algarve,23.3,0.0
2016-05-19,Algarve,27.0,0.0
2016-05-20,Algarve,29.1,0.0
2016-05-21,Algarve,24.1,0.0
22/05/2016,Algarve,26.1,0.0
2016-05-23,Algarve,27.6,0.0
2016-05-24,Algarve,23.8,0.0
25/05/2016,Algarve,23.7,0.0
2016-05-26,Algarve,26.6,0.0
2016-05-27,Algarve,27.6,0.0
2016-05-28,Algarve,24.7,0.0
2016-05-29,Algarve,26.5,0.0
2016-05-30,Algarve,26.8,0.0
2016-05-31,algarve,28.1,0.0
2016-06-02,Algarve,31.0,0.0
2016-06-03,Algarve,28.5,2.8
2016-06-04,Algarve,29.1,0.0
2016-06-05,Algarve,27.3,0.0
06/06/2016,Algarve,28.5,0.0
2016-06-07,Algarve,30.6,0.0
2016-06-08,Algarve,25.5,0.0
2016-06-09,Algarve,28.4,5.0
2016-06-10,Algarve,27.4,0.0
2016-06-11,Algarve,29.2,0.0
2016-06-12,Algarve,26.8,0.0
2016-06-13,Algarve,26.5,0.0
2016-06-14,Algarve,27.9,0.0
2016-06-15,Algarve,28.2,0.0
2016-06-17,Algarve,31.5,0.0
2016-06-18,Algarve,26.5,0.0
2016-06-19,Algarve,24.6,0.0
2016-06-20,Algarve,29.7,0.0
21/06/2016,Algarve,32.3,0.0
22/06/2016,Algarve,30.7,0.0
2016-06-23,Algarve,27.1,0.0
2016-06-24,Algarve,32.1,0.0
2016-06-25,Algarve,30.4,2.6
2016-06-26,Algarve,29.1,0.0
2016-06-27,Algarve,27.7,0.0
2016-06-28,Algarve,27.1,0.0
2016-06-29,Algarve,25.5,0.0
2016-06-30,Algarve,26.9,1.9
2016-07-01,Algarve,29.3,0.0
2016-07-02,Algarve,30.2,0.0
03/07/2016,Algarve,32.1,0.0
2016-07-04,algarve,29.1,0.0
2016-07-06,Algarve,26.9,0.0
2016-07-07,Algarve,31.4,0.0
2016-07-08,Algarve,29.1,0.0
2016-07-09,Algarve,29.3,0.0
2016-07-10,Algarve,28.7,0.0
2016-07-11,Algarve,31.1,0.0
2016-07-12,Algarve,33.6,0.0
2016-07-13,Algarve,29.6,0.0
2016-07-14,Algarve,30.5,0.0
2016-07-15,Algarve,28.7,0.0
2016-07-16,Algarve,26.0,0.0
2016-07-17,Algarve,32.1,0.0
2016-07-18,Algarve,27.7,0.0
2016-07-19,Algarve,32.2,0.0
2016-07-20,Algarve,28.3,0.0
2016-07-21,Algarve,29.9,0.0
2016-07-22,Algarve,27.8,0.0
2016-07-23,Algarve,28.8,0.0
2016-07-24,Algarve,29.7,0.0
2016-07-25,Algarve,28.7,0.0
2016-07-26,Algarve,30.8,0.0
2016-07-27,Algarve,27.9,0.0
2016-07-28,Algarve,29.7,0.0
2016-07-30,Algarve,26.4,0.0
2016-07-31,Algarve,29.5,0.0
2016-08-01,ALGARVE ,29.5,0.0
2016-08-02,Algarve,25.9,0.0
2016-08-03,Algarve,31.0,0.0
2016-08-04,Algarve,23.9,0.0
2016-08-05,Algarve,28.3,0.0
2016-08-06,Algarve,28.9,0.0
2016-08-07,Algarve,30.3,0.0
2016-08-08,Algarve,27.1,0.0
2016-08-09,Algarve,30.7,0.0
2016-08-10,ALGARVE ,30.9,0.0
2016-08-11,Algarve,25.9,0.0
2016-08-12,Algarve,29.5,0.0
2016-08-13,Algarve,27.4,0.0
2016-08-14,Algarve,31.9,0.0
2016-08-15,Algarve,24.5,3.1
2016-08-16,Algarve,29.4,0.0
2016-08-17,Algarve,28.3,0.0
2016-08-18,Algarve,28.9,0.0
2016-08-20,Algarve,25.1,0.0
2016-08-21,Algarve,30.1,0.0
2016-08-22,Algarve,26.9,0.0
2016-08-23,Algarve,24.1,3.4
2016-08-24,Algarve,27.4,0.0
2016-08-25,Algarve,25.6,0.0
26/08/2016,Algarve,29.0,0.0
2016-08-27,Algarve,26.7,0.0
2016-08-28,Algarve,27.7,0.0
2016-08-29,Algarve,22.2,1.9
2016-08-30,Algarve,26.5,0.0
2016-08-31,Algarve,25.9,0.0
2016-09-01,Algarve,30.8,0.0
2016-09-02,Algarve,23.8,0.0
2016-09-03,Algarve,28.4,0.0
2016-09-04,Algarve,26.3,0.0
2016-09-05,Algarve,24.1,0.0
2016-09-06,Algarve,28.5,0.0
2016-09-07,Algarve,27.1,0.0
2016-09-08,Algarve,27.7,0.0
2016-09-09,Algarve,23.7,0.0
2016-09-10,Algarve,22.0,0.0
2016-09-11,Algarve,28.1,0.0
2016-09-12,Algarve,23.0,0.0
2016-09-13,Algarve,24.3,0.0
2016-09-14,Algarve,23.6,0.0
2016-09-15,Algarve,25.5,0.0
2016-09-16,Algarve,25.2,0.0
2016-09-17,Algarve,24.8,0.0
2016-09-18,Algarve,23.9,0.0
2016-09-19,Algarve,25.4,0.0
2016-09-20,Algarve,22.9,0.0
21/09/2016,Algarve,24.7,0.0
2016-09-22,Algarve,27.0,0.0
2016-09-23,Algarve,26.1,1.4
2016-09-24,Algarve,21.6,0.0
2016-09-25,Algarve,26.7,0.0
2016-09-26,Algarve,23.8,0.0
2016-09-27,Algarve,23.9,0.0
2016-09-28,Algarve,20.9,0.0
2016-09-29,ALGARVE ,23.8,0.0
2016-09-30,Algarve,25.6,0.0
2016-10-01,Algarve,21.1,0.0
2016-10-02,Algarve,23.7,0.0
2016-10-03,Algarve,21.2,0.0
2016-10-04,Algarve,22.5,0.0
2016-10-05,Algarve,21.0,0.0
2016-10-06,Algarve,23.1,0.0
07/10/2016,Algarve,21.2,2.5
2016-10-08,Algarve,23.1,0.0
2016-10-09,Algarve,21.8,0.0
2016-10-10,Algarve,20.0,3.7
2016-10-11,Algarve,20.9,0.0
2016-10-12,Algarve,21.5,0.0
2016-10-13,Algarve,24.6,0.3
2016-10-14,Algarve,20.8,0.0
2016-10-15,Algarve,18.7,0.0
2016-10-16,Algarve,17.8,0.0
2016-10-17,Algarve,16.5,0.0
2016-10-19,Algarve,19.1,0.0
2016-10-20,Algarve,21.7,1.0
2016-10-21,Algarve,23.6,4.5
2016-10-22,Algarve,20.5,0.0
2016-10-23,Algarve,21.7,0.0
2016-10-24,Algarve,21.7,1.8
2016-10-25,Algarve,23.6,0.0
2016-10-26,Algarve,18.1,0.0
2016-10-27,Algarve,21.1,0.0
2016-10-28,Algarve,18.3,5.1
2016-10-29,Algarve,21.4,0.0
2016-10-30,Algarve,17.6,0.0
31/10/2016,Algarve,19.8,0.0
2016-11-01,Algarve,20.8,0.0
2016-11-02,Algarve,18.0,0.0
2016-11-03,Algarve,21.2,0.0
04/11/2016,Algarve,22.4,0.0
05/11/2016,Algarve,19.8,0.0
2016-11-06,Algarve,16.1,0.3
2016-11-07,Algarve,19.2,0.0
2016-11-08,Algarve,19.9,0.0
09/11/2016,Algarve,15.9,0.0
2016-11-10,Algarve,16.1,0.4
2016-11-12,Algarve,19.0,5.2
2016-11-13,Algarve,18.9,0.0
2016-11-14,Algarve,17.9,2.1
2016-11-15,Algarve,17.3,0.0
2016-11-16,Algarve,15.8,0.0
2016-11-17,Algarve,20.8,0.0
2016-11-18,Algarve,21.2,0.0
2016-11-19,Algarve,19.5,0.6
2016-11-20,Algarve,17.0,2.4
2016-11-21,Algarve,17.1,3.8
2016-11-22,Algarve,14.3,0.0
2016-11-23,Algarve,19.9,0.0
2016-11-25,Algarve,16.7,0.0
2016-11-26,Algarve,16.8,0.0
27/11/2016,Algarve,14.1,0.0
2016-11-28,Algarve,13.8,0.0
2016-11-29,Algarve,16.9,2.6
2016-11-30,Algarve,18.8,4.7
2016-12-01,Algarve,16.3,4.0
2016-12-02,Algarve,17.4,0.0
2016-12-03,Algarve,19.7,0.0
2016-12-04,Algarve,18.7,0.0
05/12/2016,Algarve,12.8,0.0
2016-12-06,Algarve,18.5,0.0
2016-12-07,Algarve,17.7,0.0
2016-12-08,Algarve,16.1,0.0
2016-12-09,Algarve,16.8,0.0
2016-12-10,Algarve,13.7,0.0
2016-12-11,Algarve,14.2,2.0
2016-12-13,Algarve,14.8,0.0
2016-12-14,Algarve,17.5,3.9
2016-12-15,Algarve,14.8,0.0
2016-12-16,Algarve,17.8,0.0
2016-12-17,Algarve,13.8,0.0
2016-12-18,Algarve,14.5,0.0
2016-12-19,Algarve,15.3,0.0
2016-12-20,Algarve,17.7,9.3
2016-12-21,Algarve,16.6,0.0
2016-12-22,Algarve,16.0,0.0
2016-12-23,Algarve,12.2,0.0
2016-12-24,Algarve,15.9,0.0
25/12/2016,ALGARVE ,16.2,0.0
2016-12-26,Algarve,13.8,0.0
2016-12-27,Algarve,12.8,1.0
2016-12-28,Algarve,16.8,0.0
2016-12-29,Algarve,14.0,0.0
2016-12-30,Algarve,15.7,0.0
2016-12-31,Algarve,13.8,0.0
2017-01-01,Algarve,17.6,0.0
2017-01-02,Algarve,15.3,0.0
2017-01-03,algarve,14.9,0.5
2017-01-04,Algarve,17.0,1.2
2017-01-05,Algarve,15.8,0.0
2017-01-06,Algarve,13.5,0.0
2017-01-07,Algarve,15.4,3.2
2017-01-08,Algarve,11.7,0.0
2017-01-09,Algarve,13.3,0.0
2017-01-10,Algarve,17.3,0.0
2017-01-11,Algarve,16.5,0.0
2017-01-12,Algarve,16.9,0.0
2017-01-13,Algarve,19.0,0.0
2017-01-14,Algarve,15.5,1.4
2017-01-15,Algarve,17.4,0.0
2017-01-16,Algarve,14.0,0.0
2017-01-17,Algarve,13.7,3.9
2017-01-18,Algarve,14.7,2.1
2017-01-19,Algarve,13.6,0.0
2017-01-20,ALGARVE ,13.4,0.0
2017-01-21,Algarve,17.9,0.0
2017-01-22,Algarve,17.0,0.0
2017-01-23,Algarve,15.4,0.0
24/01/2017,algarve,13.8,0.0
2017-01-25,Algarve,16.6,0.0
2017-01-26,Algarve,13.0,0.0
2017-01-27,Algarve,12.0,0.0
2017-01-28,Algarve,14.2,0.0
29/01/2017,Algarve,13.7,0.0
2017-01-30,Algarve,18.2,6.9
2017-01-31,Algarve,16.8,0.0
2017-02-01,Algarve,17.5,3.0
2017-02-02,Algarve,13.8,0.0
2017-02-03,Algarve,15.5,0.0
2017-02-04,Algarve,19.7,0.0
05/02/2017,Algarve,15.5,0.0
2017-02-06,Algarve,16.8,0.0
2017-02-07,Algarve,16.2,0.0
2017-02-08,Algarve,12.5,12.4
2017-02-09,Algarve,15.1,0.0
2017-02-10,Algarve,11.0,0.0
11/02/2017,Algarve,15.4,0.0
2017-02-12,Algarve,15.4,0.0
2017-02-13,Algarve,12.9,0.0
14/02/2017,Algarve,16.6,0.0
2017-02-15,Algarve,15.5,0.0
2017-02-16,Algarve,16.6,0.0
2017-02-17,ALGARVE ,15.7,4.0
2017-02-18,Algarve,19.1,3.1
19/02/2017,Algarve,15.4,0.0
20/02/2017,Algarve,16.7,0.0
21/02/2017,Algarve,15.5,0.0
2017-02-22,Algarve,19.4,0.0
2017-02-23,Algarve,12.2,0.0
2017-02-24,Algarve,15.6,0.4
2017-02-25,Algarve,17.5,1.8
2017-02-26,Algarve,16.2,0.0
2017-02-27,Algarve,19.9,0.0
2017-02-28,Algarve,16.1,0.0
2017-03-01,Algarve,16.8,0.0
2017-03-02,Algarve,16.4,0.2
2017-03-03,Algarve,18.8,0.0
2017-03-04,Algarve,15.6,1.4
2017-03-05,Algarve,20.7,0.0
2017-03-06,Algarve,18.6,0.0
2017-03-07,Algarve,14.3,0.0
2017-03-08,Algarve,20.9,0.0
2017-03-09,Algarve,14.9,0.0
10/03/2017,ALGARVE ,18.5,2.0
11/03/2017,Algarve,22.3,0.0
12/03/2017,Algarve,20.1,0.0
2017-03-13,ALGARVE ,19.8,0.0
2017-03-14,Algarve,22.9,0.0
2017-03-15,Algarve,15.3,0.0
2017-03-16,algarve,23.9,7.0
2017-03-18,Algarve,18.8,0.0
2017-03-19,Algarve,17.3,0.0
2017-03-20,Algarve,13.8,3.8
2017-03-21,Algarve,18.8,0.0
2017-03-22,Algarve,21.3,0.0
23/03/2017,Algarve,17.9,0.7
24/03/2017,Algarve,18.3,0.0
2017-03-25,Algarve,20.4,0.0
2017-03-26,Algarve,17.5,0.0
2017-03-27,Algarve,20.8,0.0
2017-03-28,Algarve,16.8,3.6
29/03/2017,Algarve,20.9,0.0
2017-03-30,Algarve,22.4,0.0
2017-03-31,Algarve,18.7,0.0
2017-04-01,Algarve,21.2,0.0
2017-04-02,Algarve,23.8,7.4
2017-04-03,Algarve,19.0,0.0
2017-04-04,Algarve,19.8,1.8
2017-04-05,Algarve,18.6,0.0
2017-04-06,Algarve,19.3,0.0
2017-04-07,Algarve,22.7,0.0
2017-04-08,Algarve,25.8,0.0
2017-04-09,Algarve,18.3,0.0
2017-04-10,Algarve,25.2,0.0
2017-04-11,Algarve,23.2,0.0
2017-04-12,Algarve,26.6,0.0
2017-04-13,Algarve,19.9,0.0
2017-04-14,algarve,20.0,0.0
15/04/2017,Algarve,18.6,0.0
2017-04-16,Algarve,18.9,0.0
2017-04-17,Algarve,26.6,0.0
2017-04-18,Algarve,20.4,0.0
2017-04-19,Algarve,23.8,2.6
2017-04-20,Algarve,21.2,0.0
2017-04-21,Algarve,24.1,0.0
2017-04-22,Algarve,22.1,0.0
2017-04-23,Algarve,23.4,0.0
2017-04-24,Algarve,22.2,0.0
2017-04-25,ALGARVE ,27.6,0.0
2017-04-26,Algarve,22.7,0.0
2017-04-27,Algarve,26.2,0.0
2017-04-28,Algarve,22.2,0.0
2017-04-29,Algarve,21.1,0.0
2017-04-30,Algarve,24.9,2.4
2017-05-01,Algarve,23.5,0.0
2017-05-02,Algarve,25.5,0.0
2017-05-03,Algarve,22.7,0.0
2017-05-04,Algarve,24.6,0.0
2017-05-05,Algarve,21.0,0.0
2017-05-06,Algarve,23.0,0.0
2017-05-07,algarve,24.6,2.6
2017-05-08,Algarve,24.2,0.0
2017-05-09,Algarve,25.4,0.0
2017-05-10,Algarve,25.1,0.0
12/05/2017,Algarve,26.5,1.2
2017-05-13,Algarve,26.3,1.6
2017-05-14,Algarve,26.9,1.5
2017-05-15,Algarve,24.5,0.0
2017-05-16,Algarve,27.6,0.0
2017-05-17,Algarve,21.8,0.0
2017-05-18,Algarve,24.8,0.0
2017-05-19,Algarve,29.1,0.0
2017-05-20,ALGARVE ,24.2,0.0
2017-05-21,Algarve,24.3,0.0
2017-05-22,Algarve,21.2,0.0
2017-05-24,Algarve,26.0,2.5
2017-05-25,ALGARVE ,28.5,0.0
2017-05-26,Algarve,26.6,0.0
2017-05-27,algarve,25.7,0.0
2017-05-28,Algarve,22.0,0.0
2017-05-29,Algarve,26.1,0.0
2017-05-30,Algarve,24.0,0.0
2017-05-31,Algarve,26.8,0.0
2017-06-01,Algarve,24.3,0.0
2017-06-02,Algarve,29.7,4.0
03/06/2017,Algarve,26.9,0.0
2017-06-04,Algarve,25.7,0.0
2017-06-05,Algarve,24.8,0.0
2017-06-06,Algarve,24.8,0.0
2017-06-07,ALGARVE ,29.6,0.6
2017-06-08,Algarve,29.3,0.0
2017-06-09,Algarve,26.0,0.0
2017-06-10,Algarve,27.2,0.0
2017-06-11,Algarve,30.6,0.0
2017-06-12,Algarve,32.1,0.0
13/06/2017,Algarve,26.4,0.0
2017-06-14,algarve,25.6,0.0
2017-06-15,Algarve,32.8,0.0
2017-06-16,Algarve,26.9,0.0
2017-06-17,Algarve,29.9,0.0
2017-06-18,Algarve,28.8,0.0
2017-06-19,Algarve,31.5,0.0
20/06/2017,Algarve,31.9,0.0
2017-06-21,Algarve,28.1,0.0
22/06/2017,Algarve,25.5,0.0
2017-06-23,Algarve,28.6,0.0
2017-06-24,Algarve,27.0,4.6
2017-06-25,Algarve,31.1,0.0
26/06/2017,Algarve,29.5,2.5
2017-06-27,Algarve,28.2,0.9
2017-06-28,Algarve,30.9,0.0
2017-06-29,Algarve,26.2,0.0
2017-06-30,Algarve,29.8,3.4
2017-07-01,Algarve,31.9,0.0
2017-07-03,ALGARVE ,26.6,0.0
2017-07-04,Algarve,33.0,0.0
2017-07-05,Algarve,30.1,0.0
2017-07-06,Algarve,30.7,0.0
2017-07-07,Algarve,31.3,0.0
2017-07-08,Algarve,28.5,0.0
2017-07-09,Algarve,31.5,0.0
2017-07-11,Algarve,27.1,0.0
2017-07-12,Algarve,31.9,3.7
2017-07-13,Algarve,27.0,0.0
2017-07-14,Algarve,28.7,0.0
2017-07-15,Algarve,26.4,0.0
2017-07-16,Algarve,34.0,0.0
17/07/2017,ALGARVE ,29.0,0.0
2017-07-18,Algarve,32.3,0.0
19/07/2017,Algarve,25.0,0.0
2017-07-20,Algarve,28.6,0.0
2017-07-21,Algarve,32.6,0.0
2017-07-22,Algarve,27.7,0.0
2017-07-23,Algarve,27.0,0.0
2017-07-24,Algarve,29.2,0.0
2017-07-25,Algarve,25.8,0.0
2017-07-26,Algarve,27.4,0.0
2017-07-27,Algarve,25.9,1.0
2017-07-28,Algarve,29.2,0.0
2017-07-29,Algarve,29.3,0.0
2017-07-30,algarve,28.6,0.0
2017-07-31,Algarve,27.2,0.0
01/08/2017,Algarve,29.9,0.0
2017-08-02,Algarve,26.8,0.0
2017-08-03,Algarve,29.5,0.0
2017-08-04,algarve,24.9,0.0
2017-08-05,ALGARVE ,31.6,0.0
2017-08-06,Algarve,30.1,1.0
2017-08-07,Algarve,29.9,0.0
2017-08-08,Algarve,28.2,0.0
2017-08-09,Algarve,28.1,0.0
2017-08-10,Algarve,27.3,0.0
2017-08-11,algarve,28.6,0.0
2017-08-12,Algarve,30.2,0.0
2017-08-13,Algarve,28.9,0.0
2017-08-14,Algarve,23.4,0.0
2017-08-15,Algarve,28.0,0.0
2017-08-16,algarve,30.7,0.0
2017-08-17,Algarve,26.8,0.0
2017-08-18,Algarve,28.4,0.0
2017-08-19,Algarve,30.2,0.0
2017-08-20,Algarve,31.0,0.0
2017-08-21,ALGARVE ,29.2,0.0
2017-08-22,Algarve,28.9,0.0
2017-08-23,Algarve,24.7,0.0
2017-08-24,Algarve,27.9,0.0
2017-08-25,Algarve,27.5,0.0
2017-08-26,Algarve,27.8,0.0
27/08/2017,Algarve,25.7,0.0
2017-08-28,Algarve,25.4,0.0
2017-08-29,Algarve,25.3,0.0
2017-08-30,Algarve,25.9,0.0
2017-08-31,Algarve,28.7,4.9
2017-09-01,Algarve,29.2,0.0
2017-09-02,Algarve,29.2,0.0
2017-09-03,Algarve,27.0,0.0
2017-09-04,Algarve,26.7,0.0
2017-09-05,Algarve,30.0,0.0
2017-09-06,Algarve,27.3,0.0
07/09/2017,Algarve,27.5,0.0
2017-09-08,Algarve,26.1,0.0
2017-09-09,Algarve,26.6,0.0
2017-09-10,Algarve,26.7,0.0
11/09/2017,Algarve,27.9,2.7
2017-09-12,Algarve,23.1,0.0
2017-09-13,Algarve,23.6,0.0
2017-09-14,Algarve,24.2,0.0
2017-09-15,Algarve,22.6,0.0
16/09/2017,Algarve,29.2,0.0
2017-09-18,Algarve,28.2,1.2
2017-09-19,Algarve,26.7,0.0
2017-09-20,algarve,26.7,0.0
2017-09-21,algarve,20.3,0.0
2017-09-22,Algarve,20.3,0.0
2017-09-23,Algarve,25.2,0.0
24/09/2017,Algarve,24.1,0.0
25/09/2017,Algarve,18.9,0.0
2017-09-26,Algarve,28.4,0.0
2017-09-27,Algarve,19.0,0.0
28/09/2017,Algarve,22.1,0.0
2017-09-29,Algarve,21.7,0.0
30/09/2017,Algarve,27.6,0.0
2017-01-18,Algarve,14.7,2.1
2015-10-21,Lisbon,16.9,9.2
2016-12-10,Algarve,13.7,0.0
2015-08-19,Algarve,29.3,0.0
2016-12-07,Lisbon,15.2,0.0
2015-11-15,Lisbon,18.2,0.0
03/09/2017,Algarve,27.0,0.0
2016-07-11,Lisbon,31.5,0.0
2017-06-11,Algarve,30.6,0.0
2017-01-24,Algarve,13.8,0.0
2015-08-07,lisbon,29.0,0.0
2016-04-25,Lisbon,20.2,3.5
08/12/2016,Lisbon,15.3,0.0
2015-09-16,Lisbon,24.0,0.0
2017-02-09,Lisbon,16.9,0.0
2015-06-22,Algarve,30.2,0.0
2016-09-09,Algarve,23.7,0.0
